{"cameraMode":{"drawMode":0,"name":"Shaded","section":"Shading Mode"},"sceneLighting":true,"audioPlay":false,"sceneViewState":{"showFog":true,"showMaterialUpdate":true,"showSkybox":true,"showFlares":true,"showImageEffects":true,"showParticleSystems":true},"in2DMode":false,"pivot":{"x":100.52628326416016,"y":55.78947448730469,"z":0.0},"rotation":{"x":-0.0015468846540898085,"y":-0.06468796730041504,"z":0.00009650010179029778,"w":-0.997904360294342},"size":345.1509704589844,"orthographic":false}